Name,sheep_sel_status__c,sheep_ref_relatedBusinessPartner__c,sheep_sel_sourceType__c,external_key__c
Test Sc 1,導入待ち,xxxxx,Import,1
Test Sc 2,導入待ち,xxxxx,Import,2
Test Sc 3,導入待ち,xxxxx,Import,3
Test Sc 4,導入待ち,xxxxx,Import,4
Test Sc 5,導入待ち,xxxxx,Import,5
Test Sc 6,導入待ち,xxxxx,Import,6
Test Sc 7,導入待ち,xxxxx,Import,7
Test Sc 8,導入待ち,xxxxx,Import,8
Test Sc 9,導入待ち,xxxxx,Import,9
Test Sc 10,導入待ち,xxxxx,Import,10
Test Sc 11,導入待ち,xxxxx,Import,11
Test Sc 12,導入待ち,xxxxx,Import,12
Test Sc 13,導入待ち,xxxxx,Import,13
Test Sc 14,導入待ち,xxxxx,Import,14
Test Sc 15,導入待ち,xxxxx,Import,15
Test Sc 16,導入待ち,xxxxx,Import,16
Test Sc 17,導入待ち,xxxxx,Import,17
Test Sc 18,導入待ち,xxxxx,Import,18
Test Sc 19,導入待ち,xxxxx,Import,19
Test Sc 20,導入待ち,xxxxx,Import,20
Test Sc 21,導入待ち,xxxxx,Import,21
Test Sc 22,導入待ち,xxxxx,Import,22
Test Sc 23,導入待ち,xxxxx,Import,23
Test Sc 24,導入待ち,xxxxx,Import,24
Test Sc 25,導入待ち,xxxxx,Import,25
Test Sc 26,導入待ち,xxxxx,Import,26
Test Sc 27,導入待ち,xxxxx,Import,27
Test Sc 28,導入待ち,xxxxx,Import,28
Test Sc 29,導入待ち,xxxxx,Import,29
Test Sc 30,導入待ち,xxxxx,Import,30
Test Sc 31,導入待ち,xxxxx,Import,31
Test Sc 32,導入待ち,xxxxx,Import,32
Test Sc 33,導入待ち,xxxxx,Import,33
Test Sc 34,導入待ち,xxxxx,Import,34
Test Sc 35,導入待ち,xxxxx,Import,35
Test Sc 36,導入待ち,xxxxx,Import,36
Test Sc 37,導入待ち,xxxxx,Import,37
Test Sc 38,導入待ち,xxxxx,Import,38
Test Sc 39,導入待ち,xxxxx,Import,39
Test Sc 40,導入待ち,xxxxx,Import,40
Test Sc 41,導入待ち,xxxxx,Import,41
Test Sc 42,導入待ち,xxxxx,Import,42
Test Sc 43,導入待ち,xxxxx,Import,43
Test Sc 44,導入待ち,xxxxx,Import,44
Test Sc 45,導入待ち,xxxxx,Import,45
Test Sc 46,導入待ち,xxxxx,Import,46
Test Sc 47,導入待ち,xxxxx,Import,47
Test Sc 48,導入待ち,xxxxx,Import,48
Test Sc 49,導入待ち,xxxxx,Import,49
Test Sc 50,導入待ち,xxxxx,Import,50
